Repository Name,Last Updated,Snyk Project Count
snyk-playground/codefresh-pipeline-snyk-app-docker-scan,2018-10-24 16:51:26,0
snyk-playground/config-repo,2022-01-25 23:17:15,0
snyk-playground/snyk-container-scan-docker,2018-12-06 22:59:40,0
snyk-playground/snyk-sync,2022-02-17 12:26:36,0
snyk-playground/snyk-audit-to-csv,2021-10-19 14:53:52,0
snyk-playground/snyk-in-dockerfile-examples,2021-12-22 22:47:54,0
snyk-playground/test_repo,2022-02-11 03:09:17,0
snyk-playground/sync-config,2022-02-07 16:24:29,0
snyk-playground/sync-aws-deploy,2022-02-07 16:23:39,0
snyk-playground/org-project-import,2022-01-17 05:44:15,0
snyk-playground/mqttclientdashboard-akamai-fastpurge-msod,2020-09-04 23:38:24,0
snyk-playground/snyk-python-base,2021-12-10 15:37:39,0
snyk-playground/bazel-examples,2021-11-28 07:46:23,0
snyk-playground/license-validator,2019-01-17 13:04:35,0
snyk-playground/custom-snyk-action,2021-12-02 15:36:09,0
snyk-playground/org-import-bad,2022-02-14 14:22:40,0
snyk-playground/sampleRequirements3InProject,2022-02-11 03:08:20,0
snyk-playground/nightmare,2021-07-06 11:35:50,0
snyk-playground/repo-with-jira-config,2022-01-17 05:44:22,0
snyk-playground/webhook-test-repository,2021-06-30 13:12:17,0
snyk-playground/canvas-lms,2021-05-30 22:18:05,0
snyk-playground/npm-check-updates,2018-02-14 04:24:11,0
snyk-playground/goof,2022-01-17 01:51:34,0
snyk-playground/example-bazel-monorepo,2021-11-05 01:51:04,0
snyk-playground/monorepo-simple,2022-01-07 20:23:18,0
snyk-playground/multi-project-code,2021-11-17 10:39:59,0
snyk-playground/medium-sev-project,2020-07-18 21:16:27,0
snyk-playground/org-import-instance,2021-11-24 12:45:23,0
snyk-playground/org-import-branch-override,2022-01-17 05:33:11,0
snyk-playground/Dapper,2018-03-10 12:52:24,0
snyk-playground/docs,2021-07-24 04:55:03,0
snyk-playground/pygithub-import-parser,2021-08-25 12:27:04,0
snyk-playground/monorepo-kotlin,2022-01-26 05:48:29,0
snyk-playground/java-goof,2021-10-26 00:15:43,0
snyk-playground/training-app,2018-08-03 17:37:31,0
snyk-playground/testrepo,2018-02-16 20:06:17,0
snyk-playground/typescript,2022-01-18 19:04:35,0
snyk-playground/test-gradle,2019-05-15 19:56:43,0
snyk-playground/docker-goof,2021-08-25 13:37:41,0
snyk-playground/demo_snyk-transitive-ignore,2021-08-08 04:29:13,0
snyk-playground/cs-tools,2022-02-28 12:56:29,0